word,count
the,23135851162
of,13151942776
and,12997637966
to,12136980858
a,9081174698
in,8469404971
for,5933321709
is,4705743816
on,3750423199
that,3400031103
by,3350048871
this,3228469771
with,3183110675
i,3086225277
you,2996181025
it,2813163874
not,2633487141
or,2590739907
be,2398724162
are,2393614870
from,2275595356
at,2272272772
as,2247431740
your,2062066547
all,2022459848
have,1564202750
new,1551258643
more,1544771673
an,1518266684
was,1483428678
we,1390661912
will,1356293641
home,1276852170
can,1242323499
us,1229112622
about,1226734006
if,1134987907
page,1082121730
my,1059793441
has,1046319984
search,1024093118
free,1014107316
but,999899654
our,998757982
one,993536631
other,978481319
do,950751722
no,937112320
information,932594387
time,908705570
they,883223816
site,844310242
he,842847219
up,829969374
may,827822032
what,812395582
which,810514085
their,782849411
news,755424983
out,741601852
use,719980257
any,710741293
there,701170205
see,681410380
only,661844114
so,661809559
his,660177731
when,650621178
contact,645824184
here,639711198
business,637134177
who,630927278
web,619571575
also,616829742
now,611387736
help,611054034
get,605984508
pm,604577485
view,602279334
online,601317059
c,596623239
e,593086170
first,578161543
am,576436203
been,575019382
would,572644147
how,571848080
were,570699558
me,566617666
s,565123981
services,562206804
some,548829454
these,541003982
click,536746424
its,525627757
like,520585287
service,519537222
x,508609523
than,502609275
find,502043038
price,501651226
date,488967374
back,488024109
top,484213771
people,480303376
had,480232730
list,472590641
name,464532702
just,462836169
over,459222855
state,453104133
year,451092583
day,446236148
into,445315294
email,443949646
two,441398439
health,440416431
n,437961375
world,431934249
re,430847564
next,425903347
used,421438139
go,421086358
b,419765694
work,419483948
last,417601616
most,416210411
products,414377632
music,414028837
buy,410780176
data,406908328
make,405084642
them,403000411
should,402028056
product,399116355
system,396975018
post,392956436
her,391961061
city,390564835
t,388448018
add,387231739
policy,384401868
number,383787805
such,380725892
please,380046348
available,379644437
copyright,373906735
support,373512569
message,373081242
after,372948094
best,371852748
software,370517038
then,369928941
jan,366436194
good,365796396
video,365410017
well,362082755
d,361493758
where,360468339
info,352363058
rights,352051342
public,349286123
books,347710184
high,345413157
school,343057316
through,342373303
m,341583838
each,340892856
links,339926541
she,339171382
review,339067778
years,337841309
order,336631187
very,334923368
privacy,333272427
book,330959949
items,330505325
company,324272258
r,323534251
read,322331766
group,321842984
sex,320105999
need,319376932
many,318966441
user,316446229
said,315595259
de,314593284
does,314018806
set,313469591
under,313296421
general,311757793
research,311538382
university,311373936
january,310345867
mail,310337185
full,309929179
map,309676581
reviews,307684103
program,306686983
life,306559205
know,306100813
games,305930896
way,305515604
days,305147791
management,304201237
p,303249898
part,302729303
could,302311431
great,301487430
united,299280163
hotel,297974790
real,297674493
f,297285731
item,296534935
international,295639201
center,294319118
ebay,293178760
must,292774716
store,291308910
travel,287719294
comments,287558448
made,287353021
development,286291411
report,286237372
off,284035693
member,283858893
details,280827841
line,280009597
terms,277705910
before,277546019
hotels,275510917
did,275369513
send,274103587
right,273620358
type,272336859
because,271323986
local,270742935
those,270014141
using,269448880
results,268180843
office,266789622
education,266738068
national,266376620
car,264720374
design,264448339
take,264349801
posted,263851272
internet,263777245
address,261872866
community,261839117
within,261390908
states,260937015
area,259871557
want,258690345
phone,256643812
dvd,256530337
shipping,256521328
reserved,256443074
subject,256217838
between,255436698
forum,254478181
family,254164055
l,252900442
long,252519588
based,252405204
w,252231566
code,250245121
show,247541986
o,246429812
even,245697701
black,244690155
check,244491090
special,244311841
prices,243435728
website,242876222
index,242826246
being,242783091
women,242520455
much,242326300
sign,242290578
file,241864251
link,240402653
open,239670331
today,239271204
technology,238674296
south,238581133
case,235563000
project,235262594
same,234822585
pages,234001114
uk,232749142
version,232445953
section,232251956
own,232011723
found,232005894
sports,231864260
house,231310420
related,231127472
security,230014019
both,228648541
g,227771642
county,227567373
american,227534978
photo,227125249
game,227111505
members,226656153
power,226596368
while,226194991
care,225326739
network,225218991
down,224915894
computer,224177047
systems,223555915
three,223417394
total,222649459
place,220970235
end,220812328
following,220709925
download,220626128
h,220523502
him,219516023
without,219190105
per,218945655
access,217986984
think,217856550
north,217809513
resources,217268632
current,216987137
posts,216822128
big,216690546
media,216432510
law,216122487
control,215560453
water,215178488
history,215000515
pictures,214997918
size,214844153
art,214702696
personal,214671907
since,214302926
including,214195457
guide,213378807
shop,212793848
directory,212478717
board,212361059
location,211243333
change,210601244
white,209863729
text,208780080
small,208371878
rating,207858692
rate,207634179
government,206582673
children,206538107
during,206364495
usa,206211773
return,205629763
students,204801202
v,204486977
shopping,204104275
account,203611349
times,202950880
sites,202755734
level,202563642
digital,202346767
profile,201854745
previous,201692678
form,201395192
events,201235454
love,201063526
old,199694226
john,199642644
main,199616754
call,199608869
hours,198242904
image,197874283
department,197293325
title,196676017
description,196301245
non,196109547
k,195647953
y,195011703
insurance,193271293
another,192535750
why,192000672
shall,191963867
property,191783393
class,191087771
cd,190859046
still,190433487
money,190205072
quality,189509533
every,189325890
listing,188985252
content,188880495
country,188691168
private,187885878
little,187142519
visit,187062316
save,186091095
tools,185555874
low,184815478
reply,184777992
customer,184406888
december,183237239
compare,183202885
movies,182739567
include,182579275
college,182545426
value,182061247
article,181969355
york,181556155
man,181445531
card,181387042
jobs,181075605
provide,181040994
j,180739802
food,180144029
source,179963886
author,179813446
different,179794224
press,179652730
u,179615587
learn,179428286
sale,179224570
around,178810033
print,178250872
course,177976652
job,177706929
canada,177153952
process,176829177
teen,176301486
room,176299905
stock,176295589
training,176129154
too,176093255
credit,175916536
point,175527859
join,174297802
science,174232809
men,174058407
categories,173839008
advanced,173422161
west,173346868
sales,173244220
look,173043002
english,172371546
left,171752631
team,171687825
estate,169256248
box,169231297
conditions,168957006
select,168673045
windows,168532149
photos,167827453
gay,167587791
thread,167518537
week,167202060
category,166811948
note,166657334
live,166005029
large,165863763
gallery,165671626
table,165341452
register,164834442
however,163957176
june,163951797
october,163363054
november,163308383
market,162390150
library,162076395
really,162033390
action,162023431
start,161913408
series,161518557
model,161205740
features,160961088
air,160850401
industry,160812623
plan,160746244
human,160573748
provided,159785849
tv,159603914
yes,159595214
required,159478972
second,159343399
hot,159287179
accessories,158982297
cost,158887256
movie,158421100
forums,158410645
march,158281269
la,157960401
september,157182255
better,157079378
say,156845267
questions,156703712
july,156667525
yahoo,155733641
going,155284081
medical,155254497
test,154999587
friend,154527125
come,154326119
dec,154301106
server,153788544
pc,153460135
study,152978354
application,152776595
cart,152155277
staff,151553180
articles,151531225
san,151350397
feedback,151008079
again,150781416
play,150748333
looking,150610176
issues,150106274
april,149976767
never,149556758
users,149320234
complete,149312237
street,149130754
topic,149001702
comment,148628729
financial,148330257
things,147969893
working,147675944
against,147259825
standard,147177212
tax,146906651
person,146749448
below,145701629
mobile,145490029
less,145430147
got,145057782
blog,145041426
party,144707500
payment,144646164
equipment,144298238
login,144200144
student,143590165
let,143062438
programs,142498232
offers,142087909
legal,142048771
above,141894620
recent,141765729
park,141548802
stores,141210433
side,141155373
act,141076205
problem,141012024
red,140799532
give,140688602
memory,140479833
performance,139710600
social,139566375
q,139563801
august,139459917
quote,139242226
language,138517992
story,138433809
sell,137696613
options,137679195
experience,137134662
rates,137089538
create,137071122
key,136862835
body,136560842
young,136341684
america,136214727
important,136103455
field,135289140
few,135132664
east,135037085
paper,134939426
single,134754203
ii,133102742
age,132725767
activities,132685190
club,132428495
example,132369252
girls,132325396
additional,132187702
password,132141721
z,132095202
latest,131952173
something,131836210
road,131800620
gift,131417909
question,130644510
changes,130570251
night,130531484
ca,130326009
hard,130054708
texas,129399241
oct,129301730
pay,129198530
four,129167110
poker,129054826
status,128994593
browse,128740445
issue,128427156
range,128314924
building,128251365
seller,127768853
court,127719981
february,127704851
always,127634767
result,127425045
audio,127014703
light,126699632
write,126645151
war,126517399
nov,126461152
offer,126228968
blue,126160941
groups,125814267
al,125787543
easy,125548527
given,125542966
files,125524478
event,125515260
release,125340846
analysis,124949540
request,124620318
fax,124500817
china,124472054
making,124198695
picture,124116581
needs,123595776
possible,123311561
might,123196001
professional,123162607
yet,123160529
month,123027963
major,122592252
star,122498186
areas,121986327
future,121844371
space,121505269
committee,121345834
hand,121296661
sun,121218500
cards,121094522
problems,121087620
london,121079315
washington,120978063
meeting,120814306
rss,120548796
become,120495036
interest,120272948
id,119974321
child,119747393
keep,119602514
enter,119394206
california,119376975
porn,119294962
share,119294241
similar,119150817
garden,119014988
schools,118978625
million,118818608
added,118410414
reference,118127636
companies,118106080
listed,117951402
baby,117696064
learning,117672845
energy,117451031
run,117213565
delivery,117119498
net,116883588
popular,116495721
term,116282824
film,116097842
stories,115504667
put,115205090
computers,115168234
journal,114532201
reports,114515959
co,114452742
try,114384208
welcome,114025350
central,113841948
images,113788074
president,113756376
notice,113691786
god,113624357
original,113453183
head,113316224
radio,113285624
until,113090086
cell,113067567
color,112965658
self,112902176
council,112893718
away,112837472
includes,112466751
track,112385243
australia,112197265
discussion,111973466
archive,111971865
once,111882023
others,111397714
entertainment,111394818
agreement,111356320
format,111279626
least,111229798
society,111199035
months,111192257
log,111170350
safety,111064464
friends,110732827
sure,110528740
faq,110323671
trade,110086585
edition,110051463
cars,109717836
messages,109697600
marketing,109596213
tell,109553730
further,109528141
updated,109504766
association,109416386
able,109389038
having,109360096
provides,109213691
david,109067044
fun,108389630
already,108324565
green,108287905
studies,108024858
close,107853068
common,107839275
drive,107799371
specific,107785779
several,107589584
gold,107497778
feb,107483376
living,107215961
sep,107145206
collection,107121885
called,106978150
short,106755242
arts,106466033
lot,106405208
ask,106400213
display,106342539
limited,106154969
powered,106119933
solutions,106103720
means,105946662
director,105891641
daily,105837757
beach,105642682
past,105625616
natural,105101771
whether,105014961
due,104908310
et,104251062
electronics,104230315
five,104165769
upon,103921220
period,103906182
planning,103878661
database,103731642
says,103697915
official,103521037
weather,103331913
mar,103203080
land,103132933
average,102837602
done,102812628
technical,102792861
window,102711715
france,102698139
pro,102580860
region,102552342
island,102316998
record,102234743
direct,102234090
microsoft,102159580
conference,101987691
environment,101959294
records,101771329
st,101338951
district,101325723
calendar,101303808
costs,101090970
style,101024266
url,100907064
front,100886343
statement,100868970
update,100765188
parts,100637505
aug,100502612
ever,100264634
downloads,100237452
early,100013194
miles,100012522
sound,100010833
resource,99964083
present,99420744
applications,99324182
either,99143011
ago,98839705
document,98703772
word,98671341
works,98581698
material,98528318
bill,98494166
apr,98081439
written,98056850
talk,97850837
federal,97837595
hosting,97747750
rules,97658641
final,97649084
adult,97583096
tickets,97561755
thing,97451660
centre,97258243
requirements,97233632
via,97167128
cheap,97049762
nude,96733793
kids,96602880
finance,96554164
TRUE,96269550
minutes,96242209
else,96020036
mark,95606752
third,95489240
rock,95488543
gifts,95412416
europe,95373445
reading,95289449
topics,95132338
bad,95096787
individual,94815082
tips,94800899
plus,94730251
auto,94700371
cover,94501729
usually,94477370
edit,94159529
together,94113765
videos,94069113
percent,94036312
fast,93941472
function,93878887
fact,93807963
unit,93714361
getting,93483319
global,93450595
tech,93401669
meet,93275872
far,93061804
economic,93044306
en,92803600
player,92709785
projects,92603476
lyrics,92579731
often,92551460
subscribe,92456246
submit,92431559
germany,92151641
amount,92039679
watch,92006970
included,92002729
feel,91924001
though,91905891
bank,91559349
risk,91486135
thanks,91398411
everything,91388083
deals,91189968
various,91156139
words,90910143
linux,90854231
jul,90810423
production,90612739
commercial,90554932
james,90535679
weight,90506560
town,90478880
heart,90249265
advertising,90210309
received,90037485
choose,90010174
treatment,90001988
newsletter,89828494
archives,89826560
points,89780234
knowledge,89749339
magazine,89744012
error,89396475
camera,89324930
jun,89154690
girl,89139125
currently,89075990
construction,88770071
toys,88712797
registered,88506935
clear,88447610
golf,88332962
receive,88328938
domain,88097391
methods,87897688
chapter,87882874
makes,87829598
protection,87824220
policies,87791839
loan,87785549
wide,87661475
beauty,87572240
manager,87441704
india,87391857
position,87139187
taken,87019836
sort,86985936
listings,86808185
models,86573186
michael,86527408
known,86395556
half,86290420
cases,86255673
step,86147277
engineering,85964618
florida,85775901
simple,85617922
quick,85584600
none,85523201
wireless,85333514
license,85326896
paul,85262640
friday,85245033
lake,85241485
whole,85202530
annual,85043687
published,84923632
later,84857974
basic,84840226
sony,84808711
shows,84804638
corporate,84697675
google,84568679
church,84556943
method,84399520
purchase,84333183
customers,84317690
active,84084764
response,84065293
practice,84037810
hardware,84002445
figure,83949754
materials,83901920
fire,83845349
holiday,83671730
chat,83625620
enough,83592616
designed,83559486
along,83444756
among,83431590
death,83216831
writing,83166717
speed,83135749
html,83094022
countries,83082522
loss,83015916
face,82807978
brand,82807581
discount,82646962
higher,82515596
effects,82399410
created,82342853
remember,82222044
standards,82179578
oil,82178167
bit,82113875
yellow,82024459
political,82021775
increase,81983061
advertise,81965610
kingdom,81913366
base,81894680
near,81652767
environmental,81596309
thought,81561217
stuff,81444510
french,81396759
storage,81320471
oh,81258789
japan,81110725
doing,80821946
loans,80821333
shoes,80755612
entry,80717798
stay,80694073
nature,80659036
orders,80605361
availability,80583907
africa,80566883
summary,80526622
turn,80328029
mean,80312172
growth,79998480
notes,79958318
agency,79915539
king,79791224
monday,79697206
european,79665774
activity,79633609
copy,79615682
although,79579407
drug,79424420
pics,79323162
western,79255339
income,79240506
force,79199815
cash,79172952
employment,79105156
overall,78992643
bay,78967124
river,78843808
commission,78817488
ad,78774169
package,78421168
contents,78365831
seen,78365291
players,78292986
engine,78078059
port,78051775
album,77914316
regional,77752808
stop,77749471
supplies,77574804
started,77515342
administration,77515175
bar,77375075
institute,77353032
views,77333335
plans,77295630
double,77287578
dog,77271631
build,77203075
screen,77183863
exchange,77079447
types,77070740
soon,77038135
sponsored,76855129
lines,76806341
electronic,76707502
continue,76659163
across,76597151
benefits,76580951
needed,76528079
season,76445684
apply,76341478
someone,76212141
held,76100888
ny,75993177
anything,75985266
printer,75976795
condition,75963033
effective,75960822
believe,75918053
organization,75604082
effect,75594829
asked,75532722
eur,75480922
mind,75393868
sunday,75287070
selection,75196717
casino,74796251
pdf,74773048
lost,74748656
tour,74702459
menu,74359141
volume,74283471
cross,74230978
anyone,74170036
mortgage,74160962
hope,74145758
silver,74073467
corporation,74073375
wish,74043644
inside,74026748
solution,74000589
mature,73877124
role,73689002
rather,73664932
weeks,73571749
addition,73434482
came,73286694
supply,73220509
nothing,73183983
certain,73108213
usr,73064522
executive,73010727
running,72879426
lower,72606927
necessary,72604405
union,72603888
jewelry,72576719
according,72553085
dc,72528782
clothing,72455943
mon,72427611
com,72285198
particular,72056920
fine,71972425
names,71918906
robert,71829013
homepage,71814690
hour,71765763
gas,71518871
skills,71383598
six,71366336
bush,71289039
islands,71269325
advice,71268723
career,71248807
military,71229404
rental,71013577
decision,71006471
leave,70957750
british,70912501
teens,70859771
pre,70832130
huge,70639535
sat,70639358
woman,70613606
facilities,70595127
zip,70551270
bid,70427114
kind,70420316
sellers,70277573
middle,70164946
move,70113140
cable,70082598
opportunities,70033623
taking,69997427
values,69946284
division,69921273
coming,69889118
tuesday,69843013
object,69819261
lesbian,69734771
appropriate,69671201
machine,69665958
logo,69529976
length,69469598
actually,69444655
nice,69395609
score,69315004
statistics,69194446
client,69189527
ok,69066566
returns,69062618
capital,68991999
follow,68982994
sample,68957421
investment,68891129
sent,68854520
shown,68755779
saturday,68687814
christmas,68648778
england,68620426
culture,68606429
band,68569061
flash,68391647
ms,68359455
lead,68325439
george,68261971
choice,68222335
went,68130142
starting,68080206
registration,68025615
fri,67934088
thursday,67751544
courses,67731716
consumer,67665809
hi,67566273
airport,67473261
foreign,67443436
artist,67421654
outside,67415846
furniture,67398005
levels,67360843
channel,67352673
letter,67339854
mode,67315364
phones,67311992
ideas,67309657
wednesday,67213031
structure,67191517
fund,67128807
summer,67102388
allow,67052567
degree,67029686
contract,66895933
button,66811153
releases,66809477
wed,66796198
homes,66753480
super,66703287
male,66638842
matter,66632805
custom,66594716
virginia,66581052
almost,66395121
took,66297175
located,66249627
multiple,66171358
asian,66078353
distribution,66074142
editor,66014490
inn,66007529
industrial,65921648
cause,65904680
potential,65835469
song,65832126
cnet,65803333
ltd,65747979
los,65682137
hp,65635495
focus,65626732
late,65574606
fall,65501110
featured,65473127
idea,65459222
rooms,65453403
female,65407567
responsible,65319659
inc,65312988
communications,65305536
win,65264239
associated,65218530
thomas,65173823
primary,65139325
cancer,65078084
numbers,65077140
reason,65066679
tool,65009731
browser,64824987
spring,64814116
foundation,64753514
answer,64649558
voice,64600528
eg,64596001
friendly,64542291
schedule,64504515
documents,64437323
communication,64378554
purpose,64314952
feature,64288914
bed,64262881
comes,64256803
police,64198152
everyone,64197954
independent,64169624
ip,64162886
approach,64158347
cameras,64153502
brown,64112042
physical,64090052
operating,64046921
hill,64008398
maps,63947745
medicine,63831932
deal,63828244
hold,63777575
ratings,63776951
chicago,63754684
forms,63561604
glass,63559754
happy,63471922
tue,63387982
smith,63357901
wanted,63301836
developed,63250401
thank,63234550
safe,63168116
unique,63116899
survey,62994830
prior,62949059
telephone,62896274
sport,62683851
ready,62667516
feed,62663785
animal,62566660
sources,62557801
mexico,62544255
population,62452044
pa,62377151
regular,62308697
secure,62287766
navigation,62202958
operations,62143782
therefore,62082477
ass,62060498
simply,62012991
evidence,62012277
station,61892291
christian,61873074
round,61836702
paypal,61830613
favorite,61781016
understand,61719969
option,61717435
master,61704297
valley,61694845
recently,61635402
probably,61626696
thu,61622542
rentals,61539280
sea,61532852
built,61502894
publications,61502285
blood,61348302
cut,61337417
worldwide,61319870
improve,61305614
connection,61302455
publisher,61290306
hall,61265768
larger,61265757
anti,61227238
networks,61073308
earth,61059905
parents,61036269
nokia,61035236
impact,61017528
transfer,61011470
introduction,61004175
kitchen,60975784
strong,60969207
tel,60827708
carolina,60817800
wedding,60758332
properties,60747209
hospital,60720801
ground,60679179
overview,60666200
ship,60649546
accommodation,60589803
owners,60580709
disease,60540973
tx,60436467
excellent,60316327
paid,60294928
italy,60280461
perfect,60179071
hair,60054650
opportunity,60033252
kit,59963349
classic,59957722
basis,59901425
command,59870370
cities,59809444
william,59804374
express,59797675
anal,59776241
award,59652161
distance,59651113
tree,59622952
peter,59541743
assessment,59513100
ensure,59507606
thus,59447388
wall,59430375
ie,59425745
involved,59408103
el,59377718
extra,59377307
especially,59336380
interface,59307904
pussy,59206591
partners,59137995
budget,59106421
rated,59102029
guides,59094266
success,58986603
maximum,58933430
ma,58908038
operation,58855769
existing,58803077
quite,58777731
selected,58668257
boy,58664244
amazon,58657636
patients,58656286
restaurants,58579604
beautiful,58503804
warning,58498692
wine,58491725
locations,58470987
horse,58453720
vote,58387028
forward,58382492
flowers,58374976
stars,58352743
significant,58338630
lists,58249254
technologies,58222418
owner,58189056
retail,58185466
animals,58178554
useful,58144584
directly,58144287
manufacturer,58125159
ways,58114465
est,58112143
son,58094311
providing,57957650
rule,57912422
mac,57875961
housing,57790060
takes,57784233
iii,57697189
gmt,57610397
bring,57608074
catalog,57567413
searches,57491372
max,57481472
trying,57462639
mother,57432704
authority,57403313
considered,57378298
told,57248600
xml,57241749
traffic,57241247
programme,57212448
joined,57202778
input,57191675
strategy,57170155
feet,57146840
agent,57103658
valid,57094711
bin,57076312
modern,57030009
senior,56934903
ireland,56804611
sexy,56756180
teaching,56677377
door,56638839
grand,56599468
testing,56564005
trial,56547673
charge,56542418
units,56512308
instead,56499843
canadian,56492789
cool,56471180
normal,56442762
wrote,56421594
enterprise,56414984
ships,56365355
entire,56284017
educational,56282937
md,56253287
leading,56201501
metal,56181783
positive,56132270
fl,56095954
fitness,56063953
chinese,56057597
opinion,56038634
mb,56034110
asia,55979169
football,55972678
abstract,55951880
uses,55842334
output,55819696
funds,55721876
mr,55692230
greater,55673859
likely,55669441
develop,55611036
employees,55523958
artists,55504730
alternative,55502123
processing,55486868
responsibility,55448425
resolution,55429399
java,55360149
guest,55293215
seems,55276661
publication,55199085
pass,55189682
relations,55180611
trust,55157142
van,55147325
contains,55145932
session,55143498
multi,55131463
photography,55083965
republic,55051644
fees,54965019
components,54964736
vacation,54946412
century,54929645
academic,54886061
assistance,54831021
completed,54810628
skin,54789622
graphics,54781266
indian,54646045
prev,54576595
ads,54513834
mary,54418499
il,54379896
expected,54346724
ring,54342432
grade,54275130
dating,54274405
pacific,54257643
mountain,54170529
organizations,54146984
pop,54140138
filter,54106694
mailing,54096391
vehicle,54079229
longer,54063969
consider,54062139
int,54000221
northern,53876176
behind,53824933
panel,53784382
floor,53759851
german,53710784
buying,53534781
match,53532481
proposed,53512775
default,53511683
require,53495303
iraq,53491312
boys,53464587
outdoor,53462150
deep,53447410
morning,53444032
otherwise,53406486
allows,53352976
rest,53312008
protein,53253798
plant,53247607
reported,53189294
hit,53171478
transportation,53122840
mm,53083729
pool,53046994
mini,53025248
politics,53007762
partner,52979810
disclaimer,52917604
authors,52891750
boards,52877471
faculty,52815755
parties,52799552
fish,52756224
membership,52738089
mission,52716319
eye,52688696
string,52681344
sense,52629633
modified,52557860
pack,52556205
released,52546300
stage,52518330
internal,52515245
goods,52507183
recommended,52496488
born,52452012
unless,52436419
richard,52423381
detailed,52396856
japanese,52320953
race,52297214
approved,52215969
background,52214134
target,52199865
except,52183597
character,52028227
usb,52008297
maintenance,52006621
ability,52004289
maybe,51895609
functions,51816428
ed,51788932
moving,51765877
brands,51697361
places,51696304
php,51652407
pretty,51621090
trademarks,51590807
phentermine,51577196
spain,51553238
southern,51536707
yourself,51531914
etc,51525815
winter,51483174
rape,51454053
battery,51449559
youth,51426255
pressure,51407261
submitted,51387515
boston,51387258
incest,51357793
debt,51349877
keywords,51331999
medium,51330557
television,51304347
interested,51282170
core,51244541
break,51242970
purposes,51223290
throughout,51160616
sets,51156220
dance,51147967
wood,51130555
msn,51090757
itself,51076716
defined,51033173
papers,51024682
playing,51019438
awards,50973666
fee,50931988
studio,50913495
reader,50887864
virtual,50843671
device,50819909
established,50818165
answers,50800782
rent,50767076
las,50701997
remote,50683428
dark,50669807
programming,50630393
external,50604732
apple,50551171
le,50474760
regarding,50409715
instructions,50405472
min,50389892
offered,50347350
theory,50276653
enjoy,50141455
remove,50036200
aid,50022454
surface,50022259
minimum,50001652
visual,49969150
host,49918570
variety,49844591
teachers,49832283
isbn,49747608
martin,49699093
manual,49698346
block,49694725
subjects,49574004
agents,49551303
increased,49547349
repair,49513286
fair,49510931
civil,49495349
steel,49452604
understanding,49391366
songs,49272598
fixed,49215402
wrong,49156828
beginning,49148844
hands,49087727
associates,49020998
finally,48999091
az,48985772
updates,48858672
desktop,48850257
classes,48836974
paris,48831449
ohio,48812305
gets,48807490
sector,48746882
capacity,48726947
requires,48668931
jersey,48658750
un,48651550
fat,48646296
fully,48616832
father,48580528
electric,48562078
saw,48544776
instruments,48492757
quotes,48490497
officer,48483165
driver,48463463
businesses,48419913
dead,48384167
respect,48329678
unknown,48325930
specified,48284665
restaurant,48255033
mike,48202721
trip,48175593
pst,48137341
worth,48075237
mi,48073394
procedures,48063184
poor,48053008
teacher,48002944
xxx,47989278
eyes,47975295
relationship,47959756
workers,47954144
farm,47934860
fucking,47911964
georgia,47898290
peace,47856201
traditional,47847595
campus,47827531
tom,47775300
showing,47745287
creative,47737474
coast,47716394
benefit,47703520
progress,47674782
funding,47661725
devices,47613452
lord,47612536
grant,47609624
sub,47588521
agree,47500911
fiction,47449450
hear,47426506
sometimes,47402973
watches,47364531
careers,47344388
beyond,47315243
goes,47278206
families,47251104
led,47211631
museum,47195123
themselves,47176048
fan,47045446
transport,47041301
interesting,46983244
blogs,46978262
wife,46946408
evaluation,46929581
accepted,46922000
former,46917563
implementation,46914652
ten,46907473
hits,46901429
zone,46897368
complex,46865979
th,46857152
cat,46839855
galleries,46800115
references,46748380
die,46745446
presented,46729648
jack,46728329
flat,46688059
flow,46684251
agencies,46610382
literature,46607011
respective,46528775
parent,46516265
spanish,46482449
michigan,46437105
columbia,46367780
setting,46347305
dr,46346026
scale,46307526
stand,46292709
economy,46236766
highest,46234721
helpful,46208737
monthly,46198876
critical,46136062
frame,46079991
musical,46057216
definition,46017042
secretary,46013973
angeles,45983826
networking,45918427
path,45905830
australian,45733685
employee,45719822
chief,45699591
gives,45649146
kb,45638167
bottom,45598411
magazines,45575150
packages,45541515
detail,45494334
francisco,45480506
laws,45454173
changed,45453557
pet,45445524
heard,45436523
begin,45434902
individuals,45432300
colorado,45410185
royal,45407189
clean,45381752
switch,45332755
russian,45322858
largest,45314848
african,45314350
guy,45286019
titles,45271886
relevant,45242119
guidelines,45207269
justice,45145293
connect,45133501
bible,45080741
dev,45047619
cup,45032014
basket,45023597
applied,44960208
weekly,44953365
vol,44946800
installation,44936390
described,44905064
demand,44858110
pp,44854981
suite,44829675
vegas,44810653
na,44784650
square,44784448
chris,44754518
attention,44752502
advance,44738913
skip,44681366
diet,44674077
army,44670729
auction,44619724
gear,44569745
lee,44561701
os,44556124
difference,44546845
allowed,44526131
correct,44467948
charles,44466066
nation,44429644
selling,44375770
lots,44361090
piece,44298807
sheet,44295187
firm,44244364
seven,44224906
older,44222089
illinois,44214414
regulations,44201358
elements,44180185
species,44159268
jump,44137441
cells,44128080
module,44127294
resort,44118980
facility,44049643
random,44038489
pricing,44026683
dvds,43997497
certificate,43972925
minister,43931892
motion,43927084
looks,43897035
fashion,43883676
directions,43874498
visitors,43872888
documentation,43872031
monitor,43848202
trading,43706094
forest,43667070
calls,43661633
whose,43634263
coverage,43621558
couple,43578199
giving,43506778
chance,43461638
vision,43425570
ball,43399906
ending,43310674
clients,43278784
actions,43258456
listen,43252527
discuss,43208309
accept,43171429
automotive,43128760
naked,43110969
goal,43074829
successful,43041696
sold,42979181
wind,42974876
communities,42969195
clinical,42951421
situation,42880250
sciences,42871860
markets,42867375
lowest,42865965
highly,42857273
publishing,42809196
appear,42801104
emergency,42770237
developing,42769271
lives,42750046
currency,42720398
leather,42714053
determine,42707469
milf,42647845
temperature,42645254
palm,42631203
announcements,42578510
patient,42560499
actual,42552937
historical,42501329
stone,42494931
bob,42494016
commerce,42459641
ringtones,42455942
perhaps,42450144
persons,42436349
difficult,42436311
scientific,42415451
satellite,42379243
fit,42342802
tests,42336117
village,42335952
accounts,42330284
amateur,42265916
ex,42259849
met,42223443
pain,42182798
xbox,42163497
particularly,42160203
factors,42106512
coffee,42086828
www,42076566
settings,42062854
cum,42048929
buyer,42024703
cultural,42022443
steve,41997245
easily,41949287
oral,41947093
ford,41922237
poster,41893537
edge,41869418
functional,41862937
root,41835168
au,41825348
fi,41812484
closed,41782645
holidays,41730382
ice,41706145
pink,41704519
zealand,41677373
balance,41651718
monitoring,41647453
graduate,41645267
replies,41628442
shot,41614412
nc,41537048
architecture,41474428
initial,41372877
label,41359857
thinking,41333371
scott,41326573
llc,41281263
sec,41177555
recommend,41146831
canon,41144763
hardcore,41125351
league,41109010
waste,41089558
minute,41061449
bus,41043865
provider,40976633
optional,40839022
dictionary,40838300
cold,40833613
accounting,40819336
manufacturing,40781457
sections,40770979
chair,40764005
fishing,40730311
effort,40728131
phase,40722940
fields,40697933
bag,40671821
fantasy,40666152
po,40656645
letters,40638766
motor,40615655
va,40591806
professor,40572636
context,40568409
install,40502273
shirt,40501964
apparel,40498015
generally,40435813
continued,40414263
foot,40401241
mass,40364941
crime,40361756
count,40345803
breast,40334099
techniques,40278251
ibm,40259661
rd,40231948
johnson,40200521
sc,40185182
quickly,40161558
dollars,40136550
websites,40127603
religion,40095362
claim,40085342
driving,40033859
permission,40032805
surgery,40026119
patch,39999745
heat,39971542
wild,39937252
measures,39937049
generation,39912229
kansas,39910915
miss,39897915
chemical,39891285
doctor,39845710
task,39832721
reduce,39830748
brought,39794764
himself,39757666
nor,39753116
component,39752354
enable,39733007
exercise,39699360
bug,39672754
santa,39664896
mid,39610476
guarantee,39603838
leader,39591949
diamond,39573067
israel,39512059
se,39483236
processes,39450440
soft,39440877
servers,39329759
alone,39326417
meetings,39307643
seconds,39304731
jones,39297134
arizona,39283012
keyword,39244593
interests,39238403
flight,39229938
congress,39186605
fuel,39148291
username,39130223
walk,39129365
fuck,39099536
produced,39030637
italian,39017017
paperback,39015275
classifieds,39014041
wait,39001376
supported,38989028
pocket,38931224
saint,38929141
rose,38911531
freedom,38909717
argument,38902162
competition,38886455
creating,38863806
jim,38854380
drugs,38827156
joint,38827057
premium,38793313
providers,38787600
fresh,38781893
characters,38778931
attorney,38778191
upgrade,38777600
di,38771183
factor,38740174
growing,38729323
thousands,38611137
km,38605173
stream,38592422
apartments,38568257
pick,38542153
hearing,38521552
eastern,38506956
auctions,38496936
therapy,38458400
entries,38442247
dates,38442243
generated,38437769
signed,38369963
upper,38341510
administrative,38339299
serious,38316678
prime,38308402
samsung,38291353
limit,38290292
began,38269468
louis,38259201
steps,38254292
errors,38243352
shops,38241315
bondage,38237169
del,38223775
efforts,38222553
informed,38207430
ga,38185755
ac,38166598
thoughts,38162958
creek,38159464
ft,38133521
worked,38128226
quantity,38123233
urban,38087999
practices,38010732
sorted,38002278
reporting,37995481
essential,37987474
myself,37983649
tours,37957036
platform,37930473
load,37896224
affiliate,37877419
labor,37866418
immediately,37857880
admin,37835381
nursing,37822746
defense,37819618
machines,37786251
designated,37777117
tags,37732409
heavy,37668153
covered,37662109
recovery,37644829
joe,37642746
guys,37603892
integrated,37600088
configuration,37589833
cock,37573028
merchant,37569902
comprehensive,37544399
expert,37537204
universal,37493474
protect,37455957
drop,37433033
solid,37426444
cds,37396357
presentation,37387206
languages,37376019
became,37332761
orange,37316112
compliance,37305612
vehicles,37254344
prevent,37247684
theme,37219937
rich,37200952
im,37166923
campaign,37150011
marine,37143112
improvement,37133738
vs,37115369
guitar,37106331
finding,37102510
pennsylvania,37039579
examples,37025517
ipod,36985229
saying,36981573
spirit,36971683
ar,36946912
claims,36942635
porno,36925475
challenge,36918321
motorola,36918315
acceptance,36864919
strategies,36860865
mo,36853656
seem,36852843
affairs,36831853
touch,36831035
intended,36830419
towards,36798662
sa,36769721
goals,36766773
hire,36743717
election,36728229
suggest,36726336
branch,36712083
charges,36710704
serve,36697856
affiliates,36686155
reasons,36685859
magic,36676771
mount,36648260
smart,36636558
talking,36617848
gave,36576222
ones,36558085
latin,36548259
multimedia,36522534
xp,36521289
tits,36514211
avoid,36508203
certified,36493381
manage,36439435
corner,36419737
rank,36408196
computing,36381081
oregon,36353838
element,36306394
birth,36286070
virus,36286003
abuse,36269685
interactive,36253355
requests,36239839
separate,36138447
quarter,36134893
procedure,36129804
leadership,36108608
tables,36089541
define,36087006
racing,36079737
religious,36046200
facts,36041603
breakfast,35991312
kong,35989160
column,35986621
plants,35937825
faith,35936559
chain,35928367
developer,35890230
identify,35854119
avenue,35847733
missing,35813046
died,35803272
approximately,35797333
domestic,35724637
sitemap,35722454
recommendations,35722416
moved,35713495
houston,35697100
reach,35687918
comparison,35683256
mental,35674270
viewed,35666896
moment,35660913
extended,35651592
sequence,35643482
inch,35629597
attack,35599513
sorry,35595812
centers,35590976
opening,35538225
damage,35529909
lab,35525966
reserve,35516087
recipes,35473417
cvs,35441636
gamma,35426622
plastic,35421202
produce,35383071
snow,35358852
placed,35347899
truth,35345925
counter,35345740
failure,35343900
follows,35327869
eu,35326689
weekend,35287380
dollar,35275336
camp,35255018
ontario,35233760
automatically,35225937
des,35219152
minnesota,35206660
films,35200065
bridge,35180146
native,35160636
fill,35148024
williams,35123723
movement,35105385
printing,35080589
baseball,35068361
owned,35050234
approval,35046541
draft,35033621
chart,35027490
played,34970056
contacts,34965494
cc,34944653
jesus,34929061
readers,34912487
clubs,34881779
lcd,34879794
wa,34865016
jackson,34861007
equal,34832354
adventure,34807033
matching,34803404
offering,34799901
shirts,34764071
profit,34753530
leaders,34742050
posters,34729596
institutions,34727059
assistant,34719060
variable,34715780
ave,34706502
dj,34689225
advertisement,34681267
expect,34675677
parking,34672915
headlines,34646214
yesterday,34639311
compared,34638205
determined,34600925
wholesale,34597350
workshop,34531832
russia,34513420
gone,34511028
codes,34503537
kinds,34482138
extension,34464199
seattle,34427671
statements,34416902
golden,34416555
completely,34385075
teams,34383288
fort,34358210
cm,34312385
wi,34305144
lighting,34304870
senate,34302775
forces,34300503
funny,34281806
brother,34273892
gene,34266155
turned,34215128
portable,34207743
tried,34201786
electrical,34176498
applicable,34173309
disc,34140094
returned,34138333
pattern,34124878
ct,34123861
hentai,34116380
boat,34104031
named,34099544
theatre,34095301
laser,34080740
earlier,34079706
manufacturers,34073462
sponsor,33988132
classical,33957503
icon,33955393
warranty,33921186
dedicated,33916569
indiana,33897228
direction,33868571
harry,33867934
basketball,33848810
objects,33845165
ends,33798717
delete,33766846
evening,33705304
assembly,33704254
nuclear,33689967
taxes,33674672
mouse,33667003
signal,33648212
criminal,33646918
issued,33644425
brain,33612784
sexual,33595660
wisconsin,33592434
powerful,33538932
dream,33518573
obtained,33486258
FALSE,33476460
da,33450232
cast,33395024
flower,33364539
felt,33321821
personnel,33277887
passed,33242084
supplied,33239429
identified,33222080
falls,33213513
pic,33210991
soul,33173763
aids,33155753
opinions,33135354
promote,33113081
stated,33100777
stats,33096627
hawaii,33075697
professionals,33070733
appears,33068735
carry,33056477
flag,33050354
decided,33030803
nj,33014240
covers,32972573
hr,32969615
em,32964905
advantage,32963469
hello,32960381
designs,32955678
maintain,32942067
tourism,32925132
priority,32917021
newsletters,32868357
adults,32847475
clips,32846497
savings,32817684
iv,32807831
graphic,32780694
atom,32776867
payments,32757146
rw,32739652
estimated,32731518
binding,32603649
brief,32599674
ended,32588866
winning,32570914
eight,32567724
anonymous,32563033
iron,32552371
straight,32551647
script,32549924
served,32541796
wants,32538214
miscellaneous,32502581
prepared,32502271
void,32491126
dining,32489479
alert,32472727
integration,32462658
atlanta,32440124
dakota,32437534
tag,32432108
interview,32430752
mix,32428241
framework,32421841
disk,32375647
installed,32372686
queen,32366847
vhs,32362671
credits,32341959
clearly,32338676
fix,32334055
handle,32318665
sweet,32311923
desk,32311444
criteria,32302695
pubmed,32296902
dave,32281596
massachusetts,32270027
diego,32238555
hong,32225582
vice,32220446
associate,32217516
ne,32142023
truck,32136249
behavior,32128221
enlarge,32120976
ray,32113994
frequently,32113462
revenue,32088216
measure,32083783
changing,32076618
votes,32059663
du,32025637
duty,32011339
looked,31988351
discussions,31985694
bear,31981362
gain,31980198
festival,31964569
laboratory,31956885
ocean,31928741
flights,31927886
experts,31923825
signs,31899467
lack,31881925
depth,31879926
iowa,31875822
whatever,31869767
logged,31869263
laptop,31851245
vintage,31830831
train,31816971
exactly,31759653
dry,31744277
explore,31740200
maryland,31715238
spa,31714574
concept,31681353
nearly,31677743
eligible,31666767
checkout,31649089
reality,31626554
forgot,31626338
handling,31623717
origin,31602843
knew,31598395
gaming,31594394
feeds,31593736
billion,31586983
destination,31563774
scotland,31551032
faster,31541236
intelligence,31533328
dallas,31528739
bought,31501377
con,31452344
ups,31451966
nations,31449713
route,31439231
followed,31437587
specifications,31435888
broken,31399439
tripadvisor,31394750
frank,31392284
alaska,31388580
zoom,31373629
blow,31344495
battle,31344458
residential,31337029
anime,31334688
speak,31324712
decisions,31321172
industries,31316683
protocol,31296886
query,31284313
clip,31264432
partnership,31235192
editorial,31234178
nt,31198810
expression,31179707
es,31169475
equity,31158626
provisions,31126350
speech,31119662
wire,31113149
principles,31050339
suggestions,31029622
rural,30998929
shared,30988860
sounds,30987278
replacement,30981707
tape,30941382
strategic,30930763
judge,30905832
spam,30881361
economics,30869591
acid,30867887
bytes,30848384
cent,30836935
forced,30835043
compatible,30811666
fight,30784313
apartment,30771172
height,30745406
null,30739157
zero,30735412
speaker,30732820
filed,30718907
gb,30697884
netherlands,30672254
obtain,30672052
bc,30670787
consulting,30662624
recreation,30662263
offices,30646750
designer,30641959
remain,30630717
managed,30602103
pr,30599220
failed,30596963
marriage,30592140
roll,30590349
korea,30582894
banks,30582183
fr,30563000
participants,30557763
secret,30542047
bath,30537308
aa,30523331
kelly,30510238
leads,30507300
negative,30504487
austin,30477225
favorites,30465854
toronto,30462849
theater,30446816
springs,30429116
missouri,30419845
andrew,30403300
var,30384128
perform,30378944
healthy,30360623
translation,30346495
estimates,30336472
font,30327965
assets,30302586
injury,30291773
mt,30286047
joseph,30285903
ministry,30275714
drivers,30258628
lawyer,30253229
figures,30231772
married,30202662
protected,30198768
proposal,30189304
sharing,30181027
philadelphia,30179898
portal,30171660
waiting,30170505
birthday,30169763
beta,30160524
fail,30145364
gratis,30144426
banking,30095341
officials,30068859
brian,30060564
toward,30024561
won,29998103
slightly,29994840
assist,29963782
conduct,29955541
contained,29955043
lingerie,29949923
shemale,29948582
legislation,29932251
calling,29923380
parameters,29922419
jazz,29920842
serving,29916558
bags,29910659
profiles,29909230
miami,29904805
comics,29900765
matters,29896961
houses,29896478
doc,29867704
postal,29859679
relationships,29850322
tennessee,29848404
wear,29846762
controls,29841307
breaking,29841004
combined,29840482
ultimate,29825206
wales,29821525
representative,29810467
frequency,29808486
introduced,29783908
minor,29782623
finish,29769825
departments,29768415
residents,29765553
noted,29754565
displayed,29751963
mom,29736214
reduced,29726540
physics,29724803
rare,29722959
spent,29719451
performed,29714621
extreme,29694906
samples,29689694
davis,29689352
daniel,29680403
bars,29674439
reviewed,29665969
row,29649598
oz,29644419
forecast,29637380
removed,29610178
helps,29607993
singles,29594915
administrator,29589707
cycle,29585286
amounts,29584436
contain,29552509
accuracy,29536020
dual,29535368
rise,29535295
usd,29527576
sleep,29491537
mg,29456015
bird,29437150
pharmacy,29392223
brazil,29390369
creation,29390035
static,29389905
scene,29372413
hunter,29368718
addresses,29368459
lady,29348297
crystal,29344419
famous,29332023
writer,29320566
chairman,29312635
violence,29309829
fans,29290170
oklahoma,29277458
speakers,29266983
drink,29254937
academy,29252165
dynamic,29251538
gender,29248973
eat,29237400
permanent,29217998
agriculture,29217130
dell,29215534
cleaning,29202463
constitutes,29158454
portfolio,29149729
practical,29138914
delivered,29130416
collectibles,29127157
infrastructure,29090274
exclusive,29069478
seat,29066336
concerns,29065609
colour,29049269
vendor,29029083
originally,29016923
intel,28995654
utilities,28965893
philosophy,28960643
regulation,28958148
officers,28955126
reduction,28954254
aim,28951240
bids,28933427
referred,28919199
supports,28913894
nutrition,28890368
recording,28875301
regions,28864370
junior,28857539
toll,28852223
les,28848836
cape,28846176
ann,28832058
rings,28827859
meaning,28821231
tip,28810209
secondary,28805149
wonderful,28796607
mine,28795477
ladies,28781917
henry,28769085
ticket,28767435
announced,28744210
guess,28743465
agreed,28717540
prevention,28681929
whom,28678568
ski,28663800
soccer,28647229
math,28631905
import,28629840
posting,28612921
presence,28603257
instant,28599930
mentioned,28566238
automatic,28551016
healthcare,28529648
viewing,28507347
maintained,28492421
ch,28470221
increasing,28456941
majority,28456588
connected,28448231
christ,28404515
dan,28401202
dogs,28400362
sd,28394298
directors,28389161
aspects,28377709
austria,28377245
ahead,28375319
moon,28374261
participation,28366095
scheme,28309089
utility,28301196
preview,28294286
fly,28279478
manner,28268864
matrix,28268147
containing,28254166
combination,28247444
devel,28152649
amendment,28151500
despite,28148989
strength,28148438
guaranteed,28133582
turkey,28112986
libraries,28103816
proper,28099582
distributed,28094905
degrees,28091266
singapore,28089227
enterprises,28076874
delta,28051872
fear,28042145
seeking,28023068
inches,28018680
phoenix,28018518
rs,28000422
convention,27972282
shares,27971096
principal,27964123
daughter,27936967
standing,27936222
voyeur,27928748
comfort,27920566
colors,27911017
wars,27898180
cisco,27894293
ordering,27856930
kept,27838368
alpha,27832836
appeal,27829479
cruise,27827938
bonus,27819488
certification,27708503
previously,27698634
hey,27665343
bookmark,27665146
buildings,27623076
specials,27620523
beat,27616668
disney,27557762
household,27556777
batteries,27541890
adobe,27538755
smoking,27526627
bbc,27469485
becomes,27462477
drives,27442926
arms,27432921
alabama,27418375
tea,27406794
improved,27397478
trees,27378116
avg,27370055
achieve,27332769
positions,27322185
dress,27318959
subscription,27310399
dealer,27299846
contemporary,27284246
sky,27281333
utah,27270743
nearby,27263100
rom,27234302
carried,27222494
happen,27207887
exposure,27204624
panasonic,27173123
hide,27157035
permalink,27148418
signature,27140993
gambling,27118635
refer,27099706
miller,27092856
provision,27091944
outdoors,27060521
clothes,27037465
caused,27036899
luxury,27020617
babes,27016030
frames,27007332
viagra,26999671
certainly,26984060
indeed,26943016
newspaper,26933746
toy,26924831
circuit,26917865
layer,26912270
printed,26887551
slow,26870240
removal,26864040
easier,26857423
src,26854451
liability,26837967
trademark,26835205
hip,26826008
printers,26821453
faqs,26812968
nine,26807668
adding,26797775
kentucky,26783017
mostly,26774406
eric,26767316
spot,26750929
taylor,26736684
trackback,26734043
prints,26721934
spend,26713310
factory,26708317
interior,26708143
revised,26702355
grow,26701492
americans,26666908
optical,26665491
promotion,26651461
relative,26646324
amazing,26630190
clock,26624872
dot,26590624
hiv,26575486
identity,26573512
suites,26558524
conversion,26551803
feeling,26546473
hidden,26526402
reasonable,26526175
victoria,26515985
serial,26488381
relief,26483302
revision,26482328
broadband,26476075
influence,26460675
ratio,26457942
pda,26454587
importance,26451992
rain,26419979
onto,26411439
dsl,26407952
planet,26405032
webmaster,26382498
copies,26369992
recipe,26355769
zum,26349274
permit,26339544
seeing,26322092
proof,26305059
dna,26290902
diff,26283641
tennis,26272328
bass,26249677
prescription,26233858
bedroom,26229848
empty,26206017
instance,26204516
hole,26199070
pets,26153751
ride,26153004
licensed,26151610
orlando,26117729
specifically,26114063
tim,26111466
bureau,26110155
maine,26049821
sql,26047194
represent,26038983
conservation,26038344
pair,26036703
ideal,26036289
specs,26029159
recorded,26018548
don,26003672
pieces,26000545
finished,25994841
parks,25974927
dinner,25974858
lawyers,25959552
sydney,25945245
stress,25899885
cream,25898758
ss,25895791
runs,25881512
trends,25879894
yeah,25858426
discover,25852541
sexo,25849932
ap,25843002
patterns,25809816
boxes,25787744
louisiana,25779604
hills,25770218
javascript,25766226
fourth,25763406
nm,25750788
advisor,25719984
mn,25715757
marketplace,25710584
nd,25707693
evil,25704669
aware,25700328
wilson,25698434
shape,25675227
evolution,25667092
irish,25658075
certificates,25635619
objectives,25630605
stations,25600569
suggested,25574902
gps,25572809
op,25572791
remains,25560925
acc,25554700
greatest,25547808
firms,25497302
concerned,25490395
euro,25474573
operator,25471127
structures,25465091
generic,25464768
encyclopedia,25451297
usage,25440406
cap,25436218
ink,25435469
charts,25433147
continuing,25429464
mixed,25395056
census,25385152
interracial,25379892
peak,25379630
tn,25378331
competitive,25352330
exist,25349128
wheel,25342937
transit,25331545
dick,25327691
suppliers,25324458
salt,25320518
compact,25317344
poetry,25311298
lights,25301005
tracking,25294352
angel,25294123
bell,25283918
keeping,25280309
preparation,25268975
attempt,25251906
receiving,25243472
matches,25196889
accordance,25194680
width,25182453
noise,25171520
engines,25166589
forget,25162411
array,25150016
discussed,25146245
accurate,25144477
stephen,25139312
elizabeth,25128258
climate,25096136
reservations,25091131
pin,25080458
playstation,25073147
alcohol,25061615
greek,25059132
instruction,25055716
managing,25054421
annotation,25046812
sister,25039506
raw,25014172
differences,25000614
walking,24986228
explain,24983915
smaller,24982548
newest,24970551
establish,24965292
gnu,24956702
happened,24951096
expressed,24944268
jeff,24923108
extent,24917355
sharp,24904199
lesbians,24903277
ben,24884330
lane,24880931
paragraph,24855495
kill,24850951
mathematics,24809371
aol,24798471
compensation,24789716
ce,24775497
export,24762260
managers,24756816
aircraft,24745739
modules,24737533
sweden,24717337
conflict,24709103
conducted,24705091
versions,24705033
employer,24681017
occur,24679212
percentage,24669212
knows,24640096
mississippi,24629063
describe,24616555
concern,24611878
backup,24603738
requested,24572908
citizens,24566687
connecticut,24561468
heritage,24558644
personals,24544854
immediate,24530419
holding,24523968
trouble,24521102
spread,24520573
coach,24514961
kevin,24511652
agricultural,24509113
expand,24483262
supporting,24481347
audience,24472658
assigned,24443469
jordan,24441266
collections,24438396
ages,24435858
participate,24430552
plug,24429832
specialist,24419338
cook,24412080
affect,24406141
virgin,24406134
experienced,24404214
investigation,24399851
raised,24397948
hat,24383742
institution,24373421
directed,24347062
dealers,24342319
searching,24320613
sporting,24320042
helping,24319316
perl,24308268
affected,24301370
lib,24291030
bike,24286396
totally,24276857
plate,24275560
expenses,24251012
indicate,24232402
blonde,24231993
ab,24218038
proceedings,24214333
favourite,24206461
transmission,24204527
anderson,24194712
utc,24175406
characteristics,24168882
der,24152797
lose,24136984
organic,24136036
seek,24135344
experiences,24128488
albums,24121031
cheats,24106832
extremely,24102186
verzeichnis,24102075
contracts,24095623
guests,24082514
hosted,24074706
diseases,24063325
concerning,24060603
developers,24060421
equivalent,24050668
chemistry,24049713
tony,24047635
neighborhood,24047400
nevada,24043648
kits,24034484
thailand,24031935
variables,24020805
agenda,24005891
anyway,24005157
continues,24003655
tracks,24002303
advisory,24000526
cam,23995601
curriculum,23992488
logic,23989892
template,23980628
prince,23975036
circle,23962760
soil,23949346
grants,23947774
anywhere,23947583
psychology,23936050
responses,23920387
atlantic,23920018
wet,23918294
circumstances,23915696
edward,23900979
investor,23891261
identification,23879859
ram,23864106
leaving,23848479
wildlife,23847419
appliances,23847029
matt,23843367
elementary,23834221
cooking,23831058
speaking,23813045
sponsors,23800242
fox,23795336
unlimited,23794930
respond,23761645
sizes,23751367
plain,23747230
exit,23738883
entered,23727218
iran,23724874
arm,23724057
keys,23716024
launch,23714910
wave,23713001
checking,23708784
costa,23702154
belgium,23698217
printable,23688775
holy,23688276
acts,23687645
guidance,23681851
mesh,23650447
trail,23648838
enforcement,23638612
symbol,23631465
crafts,23627152
highway,23623260
buddy,23611087
hardcover,23596258
observed,23595635
dean,23583773
setup,23534848
poll,23522790
booking,23522206
glossary,23506998
fiscal,23506040
celebrity,23500942
styles,23491617
denver,23464662
unix,23461474
filled,23448324
bond,23448169
channels,23426176
ericsson,23419855
appendix,23395734
notify,23388787
blues,23387172
chocolate,23379199
pub,23372365
portion,23356612
scope,23349420
hampshire,23342329
supplier,23337437
cables,23311631
cotton,23279423
bluetooth,23268426
controlled,23265403
requirement,23258004
authorities,23252750
biology,23245252
dental,23240707
killed,23240536
border,23234399
ancient,23226415
debate,23211499
representatives,23187953
starts,23163739
pregnancy,23152490
causes,23150385
arkansas,23135882
biography,23134870
leisure,23133305
attractions,23129051
learned,23121323
transactions,23104294
notebook,23102539
explorer,23095103
historic,23081656
attached,23079894
opened,23076347
tm,23069293
husband,23064889
disabled,23056120
authorized,23045176
crazy,23032837
upcoming,23031383
britain,23030983
concert,23023737
retirement,23018726
scores,23018016
financing,23013544
efficiency,23005937
sp,23003713
comedy,22993280
adopted,22972983
efficient,22963685
weblog,22961283
linear,22944812
commitment,22937360
specialty,22932109
bears,22926868
jean,22925412
hop,22924925
carrier,22919197
edited,22917163
constant,22910883
visa,22903835
mouth,22880351
jewish,22875236
meter,22874915
linked,22873620
portland,22846763
interviews,22841603
concepts,22840348
nh,22837222
gun,22834049
reflect,22829406
pure,22826920
deliver,22807066
wonder,22806353
hell,22791884
lessons,22779035
fruit,22767191
begins,22759868
qualified,22754976
reform,22751438
lens,22737367
alerts,22720439
treated,22718161
discovery,22709821
draw,22705371
mysql,22703527
classified,22697689
relating,22696778
assume,22679395
confidence,22674777
alliance,22666723
fm,22665700
confirm,22651501
warm,22645772
neither,22640226
lewis,22640158
howard,22626828
offline,22617007
leaves,22612463
engineer,22607580
lifestyle,22607485
consistent,22600601
replace,22592560
clearance,22591565
connections,22575698
inventory,22559583
converter,22543742
suck,22518606
organisation,22507728
babe,22489791
checks,22488512
reached,22485293
becoming,22483164
blowjob,22479544
safari,22479030
objective,22472623
indicated,22471844
sugar,22450333
crew,22443877
legs,22424518
sam,22410798
stick,22399126
securities,22397133
allen,22368068
pdt,22362104
relation,22355933
enabled,22345126
genre,22344091
slide,22339084
montana,22338359
volunteer,22336881
tested,22323205
rear,22323038
democratic,22316965
enhance,22310420
switzerland,22307018
exact,22304937
bound,22303643
parameter,22300838
adapter,22290799
processor,22289617
node,22285922
formal,22274656
dimensions,22257949
contribute,22255117
lock,22253866
hockey,22252453
storm,22242164
micro,22219932
colleges,22202424
laptops,22187279
mile,22178748
showed,22170303
challenges,22164268
editors,22144072
mens,22136843
threads,22123285
bowl,22118861
supreme,22106270
brothers,22101521
recognition,22092586
presents,22092519
ref,22087203
tank,22070512
submission,22066279
dolls,22065047
estimate,22033576
encourage,22019763
navy,22018379
kid,22011943
regulatory,22011107
inspection,21999457
consumers,21993010
cancel,21985503
limits,21977149
territory,21963698
transaction,21962815
manchester,21943382
weapons,21937267
paint,21926890
delay,21911190
pilot,21909830
outlet,21890990
contributions,21879064
continuous,21872964
db,21860146
czech,21849930
resulting,21843487
cambridge,21835781
initiative,21828838
novel,21821189
pan,21810838
execution,21809656
disability,21802396
increases,21799357
ultra,21795075
winner,21794180
idaho,21791957
contractor,21783415
ph,21776313
episode,21772999
examination,21771412
potter,21763070
dish,21755859
plays,21753930
bulletin,21741926
ia,21735285
pt,21722139
indicates,21718552
modify,21716962
oxford,21694927
adam,21694386
truly,21693553
epinions,21682171
painting,21673638
committed,21662572
extensive,21654082
affordable,21650006
universe,21643935
candidate,21635540
databases,21617803
patent,21612969
slot,21602762
psp,21591313
outstanding,21578895
ha,21577216
eating,21565444
perspective,21553761
planned,21546767
watching,21543474
lodge,21541130
messenger,21540177
mirror,21539161
tournament,21538542
consideration,21533734
ds,21532272
discounts,21528542
sterling,21518500
sessions,21505885
kernel,21477662
boobs,21461250
stocks,21451319
buyers,21450595
journals,21443275
gray,21424658
catalogue,21424300
ea,21419982
jennifer,21402386
antonio,21388530
charged,21377577
broad,21370126
taiwan,21364111
und,21348520
chosen,21345654
demo,21344258
greece,21329720
lg,21327926
swiss,21324437
sarah,21321998
clark,21305891
labour,21288089
hate,21274675
terminal,21273172
publishers,21264743
nights,21258662
behalf,21247820
caribbean,21245213
liquid,21222253
rice,21184648
nebraska,21172763
loop,21172360
salary,21156261
reservation,21150948
foods,21150689
gourmet,21148895
guard,21137924
properly,21137573
orleans,21126048
saving,21120835
nfl,21120518
remaining,21111544
empire,21111416
resume,21107737
twenty,21104413
newly,21102330
raise,21099943
prepare,21088422
avatar,21069571
gary,21068408
depending,21054967
illegal,21046606
expansion,21036273
vary,21031266
hundreds,21028505
rome,21023186
arab,21018675
lincoln,21010742
helped,21000656
premier,20990322
tomorrow,20976724
purchased,20961092
milk,20955909
decide,20950675
consent,20943616
drama,20939845
visiting,20913930
performing,20907433
downtown,20904189
keyboard,20886053
contest,20857011
collected,20848162
nw,20843736
bands,20842378
boot,20824944
suitable,20824374
ff,20816662
absolutely,20816571
millions,20807908
lunch,20807419
dildo,20789655
audit,20786243
push,20775147
chamber,20769668
guinea,20757599
findings,20757470
muscle,20752802
featuring,20737262
iso,20728145
implement,20723680
clicking,20719323
scheduled,20699522
polls,20694349
typical,20693008
tower,20686918
yours,20672809
sum,20672326
misc,20667432
calculator,20664690
significantly,20660846
chicken,20655046
temporary,20652475
attend,20639654
shower,20638340
alan,20629981
sending,20622624
jason,20616747
tonight,20612955
dear,20608432
sufficient,20605030
holdem,20603157
shell,20599318
province,20587924
catholic,20578959
oak,20577693
vat,20551018
awareness,20531095
vancouver,20501421
governor,20494068
beer,20486707
seemed,20472519
contribution,20468734
measurement,20463095
swimming,20456063
spyware,20444838
formula,20434177
constitution,20433489
packaging,20427866
solar,20423792
jose,20422802
catch,20400979
jane,20400852
pakistan,20374059
ps,20356304
reliable,20351804
consultation,20345250
northwest,20337289
sir,20336105
doubt,20311261
earn,20305486
finder,20303313
unable,20295595
periods,20292357
classroom,20274797
tasks,20273373
democracy,20255935
attacks,20251567
kim,20251249
wallpaper,20243780
merchandise,20241873
const,20236664
resistance,20233262
doors,20229491
symptoms,20222172
resorts,20217144
biggest,20195396
memorial,20161664
visitor,20158930
twin,20149771
forth,20149609
insert,20140772
baltimore,20128328
gateway,20123135
ky,20104754
dont,20071832
alumni,20070485
drawing,20067264
candidates,20063868
charlotte,20061169
ordered,20046781
biological,20043500
fighting,20036994
transition,20032306
happens,20031363
preferences,20025318
spy,20024908
romance,20020088
instrument,20003254
bruce,19999866
split,19998411
themes,19974388
powers,19973868
heaven,19969634
br,19967415
bits,19947239
pregnant,19945624
twice,19945569
classification,19930633
focused,19929357
egypt,19926686
physician,19926088
hollywood,19919000
bargain,19912730
wikipedia,19912702
cellular,19906433
norway,19902766
vermont,19895227
asking,19887691
blocks,19884255
normally,19883839
lo,19862252
spiritual,19850597
hunting,19830577
diabetes,19825438
suit,19820586
ml,19814809
shift,19811555
chip,19810772
res,19797705
sit,19797379
bodies,19791471
photographs,19786316
cutting,19780364
wow,19778779
simon,19757457
writers,19752033
marks,19747824
flexible,19729430
loved,19719299
favourites,19713139
mapping,19709941
numerous,19705123
relatively,19693917
birds,19693729
satisfaction,19684544
represents,19682589
char,19673918
indexed,19672520
pittsburgh,19654781
superior,19647999
preferred,19640247
saved,19635976
paying,19621495
cartoon,19615945
shots,19611119
intellectual,19591717
moore,19585613
granted,19576234
choices,19552069
carbon,19551891
spending,19521910
comfortable,19520487
magnetic,19516958
interaction,19515376
listening,19511935
effectively,19507811
registry,19501434
crisis,19470970
outlook,19458910
massive,19454740
denmark,19454118
employed,19450139
bright,19446368
treat,19442315
header,19439961
cs,19432573
poverty,19430836
formed,19429976
piano,19419956
echo,19410462
que,19386477
grid,19386406
sheets,19384447
patrick,19384046
experimental,19364822
puerto,19353145
revolution,19349788
consolidation,19338827
displays,19333113
plasma,19332271
allowing,19319626
earnings,19286666
voip,19284544
mystery,19280044
landscape,19271452
dependent,19261238
mechanical,19250300
journey,19236081
delaware,19226311
bidding,19223538
consultants,19217318
risks,19205769
banner,19200368
applicant,19198316
charter,19192148
fig,19191343
barbara,19188215
cooperation,19182847
counties,19178768
acquisition,19174010
ports,19171802
implemented,19164127
sf,19162406
directories,19152522
recognized,19142613
dreams,19138612
blogger,19137148
notification,19120218
kg,19097420
licensing,19094731
stands,19090611
teach,19079783
occurred,19073806
textbooks,19071639
rapid,19070672
pull,19061871
hairy,19060619
diversity,19048481
cleveland,19041185
ut,19039754
reverse,19032783
deposit,19026524
seminar,19021971
investments,19015441
latina,19013623
nasa,19009670
wheels,19006976
sexcam,19005574
specify,19002536
accessibility,19002278
dutch,19000979
sensitive,18984710
templates,18984357
formats,18983382
tab,18977951
depends,18969978
boots,18968708
holds,18963546
router,18959289
concrete,18948140
si,18944942
editing,18942899
poland,18942734
folder,18941479
womens,18930317
css,18910188
completion,18906369
upload,18904189
pulse,18893735
universities,18884161
technique,18830686
contractors,18830680
milfhunter,18819432
voting,18802108
courts,18791699
notices,18780271
subscriptions,18779200
calculate,18767840
mc,18760182
detroit,18751733
alexander,18751215
broadcast,18743293
converted,18738701
metro,18738665
toshiba,18736700
anniversary,18734145
improvements,18727612
strip,18711440
specification,18707636
pearl,18707334
accident,18699760
nick,18698980
accessible,18695403
accessory,18694578
resident,18689929
plot,18683404
qty,18679423
possibly,18672516
airline,18665709
typically,18662924
representation,18650172
regard,18645277
pump,18643932
exists,18638064
arrangements,18634535
smooth,18633567
conferences,18624807
uniprotkb,18623096
beastiality,18622054
strike,18621050
consumption,18620599
birmingham,18611752
flashing,18595842
lp,18590726
narrow,18584380
afternoon,18564567
threat,18546277
surveys,18525332
sitting,18524885
putting,18519708
consultant,18517590
controller,18513560
ownership,18509572
committees,18497349
penis,18478169
legislative,18476534
researchers,18470404
vietnam,18468046
trailer,18462738
anne,18459430
castle,18456906
gardens,18454805
missed,18451052
malaysia,18443192
unsubscribe,18441393
antique,18430306
labels,18427423
willing,18418634
bio,18409348
molecular,18409158
upskirt,18409109
acting,18407646
heads,18400524
stored,18391852
exam,18367837
logos,18366230
residence,18363183
attorneys,18359626
milfs,18358745
antiques,18348484
density,18346206
hundred,18339491
ryan,18338623
operators,18330183
strange,18322738
sustainable,18313216
philippines,18310463
statistical,18306995
beds,18301294
breasts,18292455
mention,18291476
innovation,18281662
pcs,18280912
employers,18278335
grey,18276942
parallel,18272352
honda,18261029
amended,18250351
operate,18249982
bills,18248816
bold,18244416
bathroom,18235238
stable,18225829
opera,18225169
definitions,18216711
von,18214911
doctors,18212611
lesson,18181371
cinema,18179389
asset,18178753
ag,18177532
scan,18173060
elections,18166926
drinking,18160233
blowjobs,18154882
reaction,18153532
blank,18150537
enhanced,18142340
entitled,18140595
severe,18137877
generate,18137492
stainless,18133474
newspapers,18120268
hospitals,18114421
vi,18087881
deluxe,18085596
humor,18085495
aged,18057587
monitors,18056760
exception,18051815
lived,18050710
duration,18048878
bulk,18029501
successfully,18026184
indonesia,18010087
pursuant,18004879
sci,17997395
fabric,17992206
edt,17988268
visits,17988054
primarily,17984549
tight,17981854
domains,17981289
capabilities,17973932
pmid,17966065
contrast,17955786
recommendation,17950913
flying,17948471
recruitment,17941595
sin,17939608
berlin,17932276
cute,17912721
organized,17902700
ba,17893080
para,17864371
siemens,17861664
adoption,17860735
improving,17855962
cr,17854445
expensive,17840023
meant,17832930
capture,17822857
pounds,17822372
buffalo,17808542
organisations,17802139
plane,17799728
pg,17796113
explained,17793559
seed,17788166
programmes,17785167
desire,17783181
expertise,17781054
mechanism,17771611
camping,17770402
ee,17763784
jewellery,17763741
meets,17760399
welfare,17755487
peer,17754444
caught,17749748
eventually,17731742
marked,17723745
driven,17723706
measured,17721173
medline,17716997
bottle,17716382
agreements,17708817
considering,17699280
innovative,17689336
marshall,17684438
massage,17684309
rubber,17684157
conclusion,17670602
closing,17657510
tampa,17654589
thousand,17654340
meat,17652296
legend,17650063
grace,17642126
susan,17638870
ing,17637606
ks,17622043
adams,17620255
python,17610578
monster,17605148
alex,17604510
bang,17596497
villa,17587586
bone,17581312
columns,17578802
disorders,17576543
bugs,17572986
collaboration,17567373
hamilton,17563405
detection,17559678
ftp,17559676
cookies,17553631
inner,17552078
formation,17548170
tutorial,17531144
med,17531004
engineers,17524896
entity,17518021
cruises,17517416
gate,17501142
holder,17489966
proposals,17489014
moderator,17488245
sw,17482224
tutorials,17479295
settlement,17476171
portugal,17468888
lawrence,17458216
roman,17431193
duties,17430678
valuable,17430646
erotic,17422865
tone,17397122
collectables,17382903
ethics,17382309
forever,17381863
dragon,17377430
busy,17376500
captain,17372103
fantastic,17371421
imagine,17364670
brings,17364336
heating,17363382
leg,17356748
neck,17354931
hd,17350024
wing,17347644
governments,17347302
purchasing,17338242
scripts,17336418
abc,17320550
stereo,17319174
appointed,17314729
taste,17311343
dealing,17303748
commit,17298630
tiny,17298541
operational,17293992
rail,17293553
airlines,17293401
liberal,17293223
livecam,17291659
jay,17285391
trips,17273017
gap,17269901
sides,17269191
tube,17268711
turns,17261850
corresponding,17260560
descriptions,17257437
cache,17250923
belt,17247395
jacket,17246004
determination,17237730
animation,17219873
oracle,17214156
er,17212593
matthew,17191978
lease,17180592
productions,17176271
aviation,17175256
hobbies,17174265
proud,17167504
excess,17149887
disaster,17140948
console,17121643
commands,17119887
jr,17113662
telecommunications,17107864
instructor,17098932
giant,17098874
achieved,17086330
injuries,17080287
shipped,17079988
bestiality,17071825
seats,17070818
approaches,17069146
biz,17067959
alarm,17059844
voltage,17055596
anthony,17055578
nintendo,17052377
usual,17044981
loading,17040941
stamps,17036451
appeared,17034917
franklin,17034376
angle,17016075
rob,17016018
vinyl,17009819
highlights,17000297
mining,16995862
designers,16990742
melbourne,16989252
ongoing,16983414
worst,16975343
imaging,16960525
betting,16959164
scientists,16955155
liberty,16946409
wyoming,16943168
blackjack,16938386
argentina,16936066
era,16930615
convert,16927032
possibility,16926005
analyst,16918240
commissioner,16917046
dangerous,16909821
garage,16906398
exciting,16900145
reliability,16899024
thongs,16877259
gcc,16872393
unfortunately,16863887
respectively,16844502
volunteers,16839779
attachment,16827338
ringtone,16822148
finland,16811299
morgan,16806411
derived,16804532
pleasure,16798232
honor,16787246
asp,16785885
oriented,16785804
eagle,16785232
desktops,16782911
pants,16774383
columbus,16772509
nurse,16772151
prayer,16762869
appointment,16761764
workshops,16759938
hurricane,16757015
quiet,16746894
luck,16734573
postage,16732135
producer,16730305
represented,16721698
mortgages,16715270
dial,16714262
responsibilities,16707292
cheese,16704436
comic,16695850
carefully,16675728
jet,16673750
productivity,16669964
investors,16666503
crown,16651038
par,16646884
underground,16642137
diagnosis,16638749
maker,16635947
crack,16633701
principle,16633530
picks,16627992
vacations,16623634
gang,16615190
semester,16610313
calculated,16609500
cumshot,16597227
fetish,16596412
applies,16585215
casinos,16580634
appearance,16574606
smoke,16567733
apache,16553370
filters,16541561
incorporated,16533500
nv,16528965
craft,16528294
cake,16526639
notebooks,16520640
apart,16507181
fellow,16497466
blind,16485480
lounge,16473584
mad,16468434
algorithm,16455284
semi,16450653